codigo,descripcion,categoria
A00,Cólera,Enfermedades infecciosas intestinales
A01,Fiebre tifoidea y paratifoidea,Enfermedades infecciosas intestinales
A02,Otras infecciones debidas a Salmonella,Enfermedades infecciosas intestinales
A03,Shigelosis,Enfermedades infecciosas intestinales
A04,Otras infecciones intestinales bacterianas,Enfermedades infecciosas intestinales
A05,Otras intoxicaciones alimentarias bacterianas,Enfermedades infecciosas intestinales
A06,Amebiasis,Enfermedades infecciosas intestinales
A07,Otras enfermedades intestinales debidas a protozoarios,Enfermedades infecciosas intestinales
A08,Infecciones intestinales virales,Enfermedades infecciosas intestinales
A09,Otras gastroenteritis y colitis de origen infeccioso y no especificado,Enfermedades infecciosas intestinales
A15,Tuberculosis respiratoria confirmada bacteriológica e histológicamente,Tuberculosis
A16,Tuberculosis respiratoria sin confirmación bacteriológica o histológica,Tuberculosis
A17,Tuberculosis del sistema nervioso,Tuberculosis
A18,Tuberculosis de otros órganos,Tuberculosis
A19,Tuberculosis miliar,Tuberculosis
A20,Peste,Zoonosis bacterianas
A22,Carbunco,Zoonosis bacterianas
A23,Brucelosis,Zoonosis bacterianas
A27,Leptospirosis,Zoonosis bacterianas
A30,Lepra,Otras enfermedades bacterianas
A31,Infecciones debidas a otras micobacterias,Otras enfermedades bacterianas
A36,Difteria,Otras enfermedades bacterianas
A37,Tos ferina,Otras enfermedades bacterianas
A38,Escarlatina,Otras enfermedades bacterianas
A39,Infección meningocócica,Otras enfermedades bacterianas
A40,Septicemia estreptocócica,Otras enfermedades bacterianas
A41,Otras septicemias,Otras enfermedades bacterianas
A46,Erisipela,Otras enfermedades bacterianas
A49,Infección bacteriana de sitio no especificado,Otras enfermedades bacterianas
A50,Sífilis congénita,Infecciones de transmisión sexual
A51,Sífilis temprana,Infecciones de transmisión sexual
A52,Sífilis tardía,Infecciones de transmisión sexual
A54,Infección gonocócica,Infecciones de transmisión sexual
A56,Otras infecciones de transmisión sexual debidas a clamidia,Infecciones de transmisión sexual
A59,Tricomoniasis,Infecciones de transmisión sexual
A60,Infección anogenital debida a virus del herpes simplex,Infecciones de transmisión sexual
A63,Otras enfermedades de transmisión predominantemente sexual,Infecciones de transmisión sexual
A69,Otras infecciones por espiroquetas,Otras infecciones espiroquetales
A74,Otras enfermedades causadas por clamidia,Otras enfermedades por clamidia
A80,Poliomielitis aguda,Infecciones virales del sistema nervioso central
A87,Meningitis viral,Infecciones virales del sistema nervioso central
A90,Dengue clásico,Fiebres virales transmitidas por artrópodos
A91,Fiebre hemorrágica del dengue,Fiebres virales transmitidas por artrópodos
A95,Fiebre amarilla,Fiebres virales transmitidas por artrópodos
B00,Infecciones debidas al virus del herpes simple,Infecciones virales caracterizadas por lesiones de la piel y membranas mucosas
B01,Varicela,Infecciones virales caracterizadas por lesiones de la piel y membranas mucosas
B02,Herpes zóster,Infecciones virales caracterizadas por lesiones de la piel y membranas mucosas
B05,Sarampión,Infecciones virales caracterizadas por lesiones de la piel y membranas mucosas
B06,Rubéola,Infecciones virales caracterizadas por lesiones de la piel y membranas mucosas
B07,Verrugas víricas,Infecciones virales caracterizadas por lesiones de la piel y membranas mucosas
B08,Otras infecciones virales caracterizadas por lesiones de la piel y membranas mucosas,Infecciones virales caracterizadas por lesiones de la piel y membranas mucosas
B15,Hepatitis aguda tipo A,Hepatitis viral
B16,Hepatitis aguda tipo B,Hepatitis viral
B17,Otras hepatitis virales agudas,Hepatitis viral
B18,Hepatitis viral crónica,Hepatitis viral
B19,Hepatitis viral no especificada,Hepatitis viral
B20,Enfermedad por VIH resultando en enfermedades infecciosas y parasitarias,Enfermedad por VIH
B21,Enfermedad por VIH resultando en tumores malignos,Enfermedad por VIH
B22,Enfermedad por VIH resultando en otras enfermedades especificadas,Enfermedad por VIH
B23,Enfermedad por VIH resultando en otras afecciones,Enfermedad por VIH
B24,Enfermedad por VIH sin otra especificación,Enfermedad por VIH
B25,Enfermedad debida a citomegalovirus,Otras enfermedades virales
B26,Parotiditis,Otras enfermedades virales
B27,Mononucleosis infecciosa,Otras enfermedades virales
B34,Infección viral de sitio no especificado,Otras enfermedades virales
B35,Dermatofitosis,Micosis
B36,Otras micosis superficiales,Micosis
B37,Candidiasis,Micosis
B38,Coccidioidomicosis,Micosis
B44,Aspergilosis,Micosis
B49,Micosis no especificada,Micosis
B50,Paludismo debido a Plasmodium falciparum,Enfermedades protozoarias
B51,Paludismo debido a Plasmodium vivax,Enfermedades protozoarias
B55,Leishmaniasis,Enfermedades protozoarias
B65,Esquistosomiasis,Helmintiasis
B76,Anquilostomiasis,Helmintiasis
B77,Ascariasis,Helmintiasis
B80,Enterobiasis,Helmintiasis
B82,Parasitosis intestinal no especificada,Helmintiasis
B85,Pediculosis,Pediculosis y acariasis
B86,Sarna,Pediculosis y acariasis
C00,Tumor maligno del labio,Tumores malignos
C01,Tumor maligno de la base de la lengua,Tumores malignos
C02,Tumor maligno de otras partes de la lengua,Tumores malignos
C03,Tumor maligno de la encía,Tumores malignos
C10,Tumor maligno de la orofaringe,Tumores malignos
C11,Tumor maligno de la nasofaringe,Tumores malignos
C15,Tumor maligno del esófago,Tumores malignos
C16,Tumor maligno del estómago,Tumores malignos
C18,Tumor maligno del colon,Tumores malignos
C19,Tumor maligno de la unión rectosigmoidea,Tumores malignos
C20,Tumor maligno del recto,Tumores malignos
C22,Tumor maligno del hígado y de las vías biliares intrahepáticas,Tumores malignos
C25,Tumor maligno del páncreas,Tumores malignos
C30,Tumor maligno de la fosa nasal y del oído medio,Tumores malignos
C32,Tumor maligno de la laringe,Tumores malignos
C33,Tumor maligno de la tráquea,Tumores malignos
C34,Tumor maligno de los bronquios y del pulmón,Tumores malignos
C43,Melanoma maligno de la piel,Tumores malignos
C44,Otros tumores malignos de la piel,Tumores malignos
C50,Tumor maligno de la mama,Tumores malignos
C53,Tumor maligno del cuello del útero,Tumores malignos
C54,Tumor maligno del cuerpo del útero,Tumores malignos
C56,Tumor maligno del ovario,Tumores malignos
C61,Tumor maligno de la próstata,Tumores malignos
C64,Tumor maligno del riñón excepto de la pelvis renal,Tumores malignos
C67,Tumor maligno de la vejiga urinaria,Tumores malignos
C71,Tumor maligno del encéfalo,Tumores malignos
C73,Tumor maligno de la glándula tiroides,Tumores malignos
C80,Tumor maligno de sitio no especificado,Tumores malignos
C81,Enfermedad de Hodgkin,Tumores malignos de tejido linfático
C82,Linfoma no Hodgkin folicular,Tumores malignos de tejido linfático
C83,Linfoma no Hodgkin difuso,Tumores malignos de tejido linfático
C90,Mieloma múltiple y tumores malignos de células plasmáticas,Tumores malignos de tejido linfático
C91,Leucemia linfoide,Tumores malignos de tejido linfático
C92,Leucemia mieloide,Tumores malignos de tejido linfático
D10,Tumor benigno de la boca y faringe,Tumores benignos
D12,Tumor benigno del colon recto ano y canal anal,Tumores benignos
D17,Tumor benigno lipomatoso,Tumores benignos
D18,Hemangioma y linfangioma de cualquier sitio,Tumores benignos
D21,Otros tumores benignos del tejido conjuntivo y de los tejidos blandos,Tumores benignos
D22,Nevo melanocítico,Tumores benignos
D25,Leiomioma del útero,Tumores benignos
D27,Tumor benigno del ovario,Tumores benignos
D50,Anemias por deficiencia de hierro,Enfermedades de la sangre y órganos hematopoyéticos
D51,Anemia por deficiencia de vitamina B12,Enfermedades de la sangre y órganos hematopoyéticos
D52,Anemia por deficiencia de folatos,Enfermedades de la sangre y órganos hematopoyéticos
D53,Otras anemias nutricionales,Enfermedades de la sangre y órganos hematopoyéticos
D55,Anemia debida a trastornos enzimáticos,Enfermedades de la sangre y órganos hematopoyéticos
D57,Trastornos drepanocíticos,Enfermedades de la sangre y órganos hematopoyéticos
D61,Otras anemias aplásticas,Enfermedades de la sangre y órganos hematopoyéticos
D64,Otras anemias,Enfermedades de la sangre y órganos hematopoyéticos
D65,Coagulación intravascular diseminada,Enfermedades de la sangre y órganos hematopoyéticos
D69,Púrpura y otras afecciones hemorrágicas,Enfermedades de la sangre y órganos hematopoyéticos
D70,Agranulocitosis,Enfermedades de la sangre y órganos hematopoyéticos
D80,Inmunodeficiencia con predominio de defectos de anticuerpos,Trastornos inmunitarios
D84,Otras inmunodeficiencias,Trastornos inmunitarios
E00,Síndrome de deficiencia de yodo congénito,Enfermedades endocrinas
E01,Trastornos tiroideos relacionados con deficiencia de yodo,Enfermedades endocrinas
E03,Otro hipotiroidismo,Enfermedades endocrinas
E04,Bocio no tóxico,Enfermedades endocrinas
E05,Tirotoxicosis,Enfermedades endocrinas
E06,Tiroiditis,Enfermedades endocrinas
E10,Diabetes mellitus insulinodependiente,Diabetes mellitus
E11,Diabetes mellitus no insulinodependiente,Diabetes mellitus
E12,Diabetes mellitus asociada con desnutrición,Diabetes mellitus
E13,Otras diabetes mellitus especificadas,Diabetes mellitus
E14,Diabetes mellitus no especificada,Diabetes mellitus
E15,Coma hipoglucémico no diabético,Enfermedades endocrinas
E16,Otros trastornos de la secreción pancreática interna,Enfermedades endocrinas
E20,Hipoparatiroidismo,Enfermedades endocrinas
E21,Hiperparatiroidismo,Enfermedades endocrinas
E22,Hiperfunción de la glándula hipófisis,Enfermedades endocrinas
E23,Hipofunción y otros trastornos de la hipófisis,Enfermedades endocrinas
E25,Trastornos adrenogenitales,Enfermedades endocrinas
E27,Otros trastornos de la glándula suprarrenal,Enfermedades endocrinas
E28,Disfunción ovárica,Enfermedades endocrinas
E29,Disfunción testicular,Enfermedades endocrinas
E40,Kwashiorkor,Desnutrición
E41,Marasmo nutricional,Desnutrición
E43,Desnutrición proteico-calórica severa no especificada,Desnutrición
E44,Desnutrición proteico-calórica de grado moderado y leve,Desnutrición
E45,Retraso del desarrollo debido a desnutrición proteico-calórica,Desnutrición
E46,Desnutrición proteico-calórica no especificada,Desnutrición
E50,Deficiencia de vitamina A,Otras deficiencias nutricionales
E51,Deficiencia de tiamina,Otras deficiencias nutricionales
E53,Deficiencia de otras vitaminas del grupo B,Otras deficiencias nutricionales
E55,Deficiencia de vitamina D,Otras deficiencias nutricionales
E58,Deficiencia de calcio en la dieta,Otras deficiencias nutricionales
E61,Deficiencia de otros elementos nutricionales,Otras deficiencias nutricionales
E65,Adiposidad localizada,Obesidad y otras formas de hiperalimentación
E66,Obesidad,Obesidad y otras formas de hiperalimentación
E70,Trastornos del metabolismo de aminoácidos aromáticos,Trastornos metabólicos
E75,Trastornos del metabolismo de esfingolípidos,Trastornos metabólicos
E78,Trastornos del metabolismo de lipoproteínas y otras lipidemias,Trastornos metabólicos
E79,Trastornos del metabolismo de purinas y pirimidinas,Trastornos metabólicos
E83,Trastornos del metabolismo de los minerales,Trastornos metabólicos
E84,Fibrosis quística,Trastornos metabólicos
E85,Amiloidosis,Trastornos metabólicos
E86,Depleción del volumen,Trastornos metabólicos
E87,Otros trastornos del equilibrio de los líquidos electrólitos y del equilibrio ácido básico,Trastornos metabólicos
E90,Trastornos nutricionales y metabólicos en enfermedades clasificadas en otra parte,Trastornos metabólicos
F00,Demencia en la enfermedad de Alzheimer,Trastornos mentales orgánicos
F01,Demencia vascular,Trastornos mentales orgánicos
F03,Demencia no especificada,Trastornos mentales orgánicos
F05,Delirio no inducido por alcohol o sustancias psicoactivas,Trastornos mentales orgánicos
F06,Otros trastornos mentales debidos a lesión o enfermedad cerebral,Trastornos mentales orgánicos
F10,Trastornos mentales y del comportamiento debidos al uso de alcohol,Trastornos mentales por sustancias
F11,Trastornos mentales y del comportamiento debidos al uso de opioides,Trastornos mentales por sustancias
F12,Trastornos mentales y del comportamiento debidos al uso de cannabinoides,Trastornos mentales por sustancias
F13,Trastornos mentales y del comportamiento debidos al uso de sedantes o hipnóticos,Trastornos mentales por sustancias
F14,Trastornos mentales y del comportamiento debidos al uso de cocaína,Trastornos mentales por sustancias
F17,Trastornos mentales y del comportamiento debidos al uso de tabaco,Trastornos mentales por sustancias
F20,Esquizofrenia,Esquizofrenia y trastornos esquizotípicos
F25,Trastorno esquizoafectivo,Esquizofrenia y trastornos esquizotípicos
F30,Episodio maníaco,Trastornos del humor
F31,Trastorno afectivo bipolar,Trastornos del humor
F32,Episodio depresivo,Trastornos del humor
F33,Trastorno depresivo recurrente,Trastornos del humor
F40,Trastornos fóbicos de ansiedad,Trastornos neuróticos
F41,Otros trastornos de ansiedad,Trastornos neuróticos
F42,Trastorno obsesivo-compulsivo,Trastornos neuróticos
F43,Reacciones al estrés grave y trastornos de adaptación,Trastornos neuróticos
F44,Trastornos disociativos,Trastornos neuróticos
F45,Trastornos somatomorfos,Trastornos neuróticos
F48,Otros trastornos neuróticos,Trastornos neuróticos
F50,Trastornos de la conducta alimentaria,Trastornos del comportamiento
F51,Trastornos no orgánicos del sueño,Trastornos del comportamiento
F60,Trastornos específicos de la personalidad,Trastornos de la personalidad
F70,Retraso mental leve,Retraso mental
F80,Trastornos específicos del desarrollo del habla y del lenguaje,Trastornos del desarrollo
F84,Trastornos generalizados del desarrollo,Trastornos del desarrollo
F90,Trastornos hipercinéticos,Trastornos del comportamiento en la niñez
F91,Trastornos de la conducta,Trastornos del comportamiento en la niñez
F99,Trastorno mental no especificado,Trastornos mentales
G00,Meningitis bacteriana no clasificada en otra parte,Enfermedades inflamatorias del SNC
G03,Meningitis debida a otras causas y causas no especificadas,Enfermedades inflamatorias del SNC
G04,Encefalitis mielitis y encefalomielitis,Enfermedades inflamatorias del SNC
G06,Absceso y granuloma intracraneal e intraespinal,Enfermedades inflamatorias del SNC
G10,Enfermedad de Huntington,Enfermedades del sistema nervioso
G11,Ataxia hereditaria,Enfermedades del sistema nervioso
G12,Atrofia muscular espinal y síndromes relacionados,Enfermedades del sistema nervioso
G20,Enfermedad de Parkinson,Enfermedades extrapiramidales
G21,Parkinsonismo secundario,Enfermedades extrapiramidales
G25,Otros trastornos extrapiramidales y del movimiento,Enfermedades extrapiramidales
G30,Enfermedad de Alzheimer,Otras enfermedades degenerativas del SNC
G35,Esclerosis múltiple,Enfermedades desmielinizantes
G40,Epilepsia,Epilepsia
G43,Migraña,Síndromes episódicos y paroxísticos
G44,Otros síndromes de cefalea,Síndromes episódicos y paroxísticos
G45,Ataques de isquemia cerebral transitoria,Enfermedades vasculares cerebrales
G47,Trastornos del sueño,Trastornos del sueño
G50,Trastornos del nervio trigémino,Trastornos de nervios craneales
G51,Trastornos del nervio facial,Trastornos de nervios craneales
G54,Trastornos de las raíces y plexos nerviosos,Trastornos de raíces y plexos
G56,Mononeuropatías del miembro superior,Mononeuropatías
G57,Mononeuropatías del miembro inferior,Mononeuropatías
G60,Polineuropatía hereditaria e idiopática,Polineuropatías
G61,Polineuropatía inflamatoria,Polineuropatías
G62,Otras polineuropatías,Polineuropatías
G70,Miastenia gravis y otros trastornos neuromusculares,Enfermedades de la unión neuromuscular
G71,Trastornos musculares primarios,Enfermedades musculares
G80,Parálisis cerebral infantil,Parálisis cerebral
G81,Hemiplejía,Parálisis
G82,Paraplejía y tetraplejía,Parálisis
G89,Trastornos del dolor no clasificados en otra parte,Otros trastornos del SNC
H00,Orzuelo y chalazión,Enfermedades del ojo y sus anexos
H01,Otras inflamaciones del párpado,Enfermedades del ojo y sus anexos
H04,Trastornos del aparato lagrimal,Enfermedades del ojo y sus anexos
H10,Conjuntivitis,Enfermedades del ojo y sus anexos
H11,Otros trastornos de la conjuntiva,Enfermedades del ojo y sus anexos
H15,Trastornos de la esclerótica,Enfermedades del ojo y sus anexos
H16,Queratitis,Enfermedades del ojo y sus anexos
H17,Cicatrices y opacidades de la córnea,Enfermedades del ojo y sus anexos
H18,Otros trastornos de la córnea,Enfermedades del ojo y sus anexos
H20,Iridociclitis,Enfermedades del ojo y sus anexos
H25,Catarata senil,Enfermedades del ojo y sus anexos
H26,Otras cataratas,Enfermedades del ojo y sus anexos
H30,Inflamación coriorretiniana,Enfermedades del ojo y sus anexos
H33,Desprendimiento y desgarro de la retina,Enfermedades del ojo y sus anexos
H34,Oclusión de los vasos de la retina,Enfermedades del ojo y sus anexos
H35,Otros trastornos retinianos,Enfermedades del ojo y sus anexos
H36,Trastornos retinianos en enfermedades clasificadas en otra parte,Enfermedades del ojo y sus anexos
H40,Glaucoma,Glaucoma
H43,Trastornos del humor vítreo,Enfermedades del ojo y sus anexos
H44,Trastornos del globo ocular,Enfermedades del ojo y sus anexos
H49,Estrabismo paralítico,Movimientos oculares y estrabismo
H52,Trastornos de la acomodación y de la refracción,Trastornos visuales
H53,Alteraciones visuales,Trastornos visuales
H54,Ceguera y visión reducida,Trastornos visuales
H60,Otitis externa,Enfermedades del oído
H61,Otros trastornos del oído externo,Enfermedades del oído
H65,Otitis media no supurativa,Enfermedades del oído
H66,Otitis media supurativa y la no especificada,Enfermedades del oído
H70,Mastoiditis y afecciones relacionadas,Enfermedades del oído
H71,Colesteatoma del oído medio,Enfermedades del oído
H72,Perforación de la membrana timpánica,Enfermedades del oído
H80,Otosclerosis,Enfermedades del oído
H81,Trastornos de la función vestibular,Enfermedades del oído
H83,Otros trastornos del oído interno,Enfermedades del oído
H90,Hipoacusia conductiva y neurosensorial,Pérdida de la audición
H91,Otra pérdida de la audición,Pérdida de la audición
H93,Otros trastornos del oído no clasificados en otra parte,Enfermedades del oído
I00,Fiebre reumática sin mención de afección cardíaca,Fiebre reumática
I01,Fiebre reumática con afección cardíaca,Fiebre reumática
I05,Enfermedades reumáticas de la válvula mitral,Enfermedades cardíacas crónicas reumáticas
I06,Enfermedades reumáticas de la válvula aórtica,Enfermedades cardíacas crónicas reumáticas
I10,Hipertensión esencial primaria,Enfermedades hipertensivas
I11,Enfermedad cardíaca hipertensiva,Enfermedades hipertensivas
I12,Enfermedad renal hipertensiva,Enfermedades hipertensivas
I13,Enfermedad cardíaca y renal hipertensiva,Enfermedades hipertensivas
I15,Hipertensión secundaria,Enfermedades hipertensivas
I20,Angina de pecho,Cardiopatía isquémica
I21,Infarto agudo del miocardio,Cardiopatía isquémica
I22,Infarto subsiguiente del miocardio,Cardiopatía isquémica
I24,Otras enfermedades isquémicas agudas del corazón,Cardiopatía isquémica
I25,Enfermedad isquémica crónica del corazón,Cardiopatía isquémica
I26,Embolia pulmonar,Enfermedad pulmonar cardíaca
I27,Otras enfermedades cardíacas pulmonares,Enfermedad pulmonar cardíaca
I30,Pericarditis aguda,Otras formas de enfermedad cardíaca
I31,Otras enfermedades del pericardio,Otras formas de enfermedad cardíaca
I33,Endocarditis aguda y subaguda,Otras formas de enfermedad cardíaca
I34,Trastornos no reumáticos de la válvula mitral,Otras formas de enfermedad cardíaca
I35,Trastornos no reumáticos de la válvula aórtica,Otras formas de enfermedad cardíaca
I38,Endocarditis de válvula no especificada,Otras formas de enfermedad cardíaca
I40,Miocarditis aguda,Otras formas de enfermedad cardíaca
I42,Cardiomiopatía,Otras formas de enfermedad cardíaca
I44,Bloqueo auriculoventricular y de rama izquierda del haz,Arritmias cardíacas
I45,Otros trastornos de la conducción,Arritmias cardíacas
I47,Taquicardia paroxística,Arritmias cardíacas
I48,Fibrilación y aleteo auriculares,Arritmias cardíacas
I49,Otras arritmias cardíacas,Arritmias cardíacas
I50,Insuficiencia cardíaca,Insuficiencia cardíaca
I60,Hemorragia subaracnoidea,Enfermedades cerebrovasculares
I61,Hemorragia intracerebral,Enfermedades cerebrovasculares
I62,Otras hemorragias intracraneales no traumáticas,Enfermedades cerebrovasculares
I63,Infarto cerebral,Enfermedades cerebrovasculares
I64,Accidente vascular encefálico no especificado como hemorrágico o isquémico,Enfermedades cerebrovasculares
I67,Otras enfermedades cerebrovasculares,Enfermedades cerebrovasculares
I69,Secuelas de enfermedades cerebrovasculares,Enfermedades cerebrovasculares
I70,Aterosclerosis,Enfermedades de arterias
I71,Aneurisma y disección aórtica,Enfermedades de arterias
I73,Otras enfermedades vasculares periféricas,Enfermedades de arterias
I74,Embolia y trombosis arteriales,Enfermedades de arterias
I80,Flebitis y tromboflebitis,Enfermedades de venas
I82,Otra embolia y trombosis venosas,Enfermedades de venas
I83,Venas varicosas de los miembros inferiores,Enfermedades de venas
I84,Hemorroides,Enfermedades de venas
I87,Otros trastornos de las venas,Enfermedades de venas
I89,Otros trastornos no infecciosos de los vasos linfáticos,Enfermedades de venas
J00,Rinofaringitis aguda (resfriado común),Infecciones agudas de las vías respiratorias superiores
J01,Sinusitis aguda,Infecciones agudas de las vías respiratorias superiores
J02,Faringitis aguda,Infecciones agudas de las vías respiratorias superiores
J03,Amigdalitis aguda,Infecciones agudas de las vías respiratorias superiores
J04,Laringitis y traqueítis agudas,Infecciones agudas de las vías respiratorias superiores
J05,Laringotraqueítis aguda obstructiva y epiglotitis,Infecciones agudas de las vías respiratorias superiores
J06,Infecciones agudas de las vías respiratorias superiores de sitios múltiples o no especificados,Infecciones agudas de las vías respiratorias superiores
J09,Influenza debida a ciertos virus de la influenza identificados,Influenza y neumonía
J10,Influenza debida a otros virus de la influenza identificados,Influenza y neumonía
J11,Influenza debida a virus no identificado,Influenza y neumonía
J12,Neumonía viral no clasificada en otra parte,Influenza y neumonía
J13,Neumonía debida a Streptococcus pneumoniae,Influenza y neumonía
J14,Neumonía debida a Haemophilus influenzae,Influenza y neumonía
J15,Neumonía bacteriana no clasificada en otra parte,Influenza y neumonía
J16,Neumonía debida a otros microorganismos infecciosos,Influenza y neumonía
J17,Neumonía en enfermedades clasificadas en otra parte,Influenza y neumonía
J18,Neumonía organismo no especificado,Influenza y neumonía
J20,Bronquitis aguda,Otras infecciones agudas de las vías respiratorias inferiores
J21,Bronquiolitis aguda,Otras infecciones agudas de las vías respiratorias inferiores
J22,Infección aguda de las vías respiratorias inferiores no especificada,Otras infecciones agudas de las vías respiratorias inferiores
J30,Rinitis alérgica y vasomotora,Enfermedades crónicas de las vías respiratorias superiores
J31,Rinitis crónica faringitis crónica y nasofaringitis crónica,Enfermedades crónicas de las vías respiratorias superiores
J32,Sinusitis crónica,Enfermedades crónicas de las vías respiratorias superiores
J33,Pólipo nasal,Enfermedades crónicas de las vías respiratorias superiores
J35,Enfermedades crónicas de las amígdalas y de las adenoides,Enfermedades crónicas de las vías respiratorias superiores
J36,Absceso periamigdalino,Enfermedades crónicas de las vías respiratorias superiores
J37,Laringitis crónica y laringotraqueítis crónica,Enfermedades crónicas de las vías respiratorias superiores
J38,Enfermedades de las cuerdas vocales y de la laringe no clasificadas en otra parte,Enfermedades crónicas de las vías respiratorias superiores
J40,Bronquitis no especificada como aguda o crónica,Enfermedad pulmonar obstructiva crónica
J41,Bronquitis crónica simple y mucopurulenta,Enfermedad pulmonar obstructiva crónica
J42,Bronquitis crónica no especificada,Enfermedad pulmonar obstructiva crónica
J43,Enfisema,Enfermedad pulmonar obstructiva crónica
J44,Otras enfermedades pulmonares obstructivas crónicas,Enfermedad pulmonar obstructiva crónica
J45,Asma,Asma
J46,Estado asmático,Asma
J47,Bronquiectasia,Otras enfermedades pulmonares
J60,Neumoconiosis de los mineros del carbón,Enfermedades pulmonares por agentes externos
J61,Neumoconiosis debida a amianto y otras fibras minerales,Enfermedades pulmonares por agentes externos
J68,Afecciones respiratorias debidas a inhalación de gases humos vapores y sustancias químicas,Enfermedades pulmonares por agentes externos
J69,Neumonitis debida a sólidos y líquidos,Enfermedades pulmonares por agentes externos
J70,Afecciones respiratorias debidas a otros agentes externos,Enfermedades pulmonares por agentes externos
J80,Síndrome de dificultad respiratoria del adulto,Otras enfermedades respiratorias
J81,Edema pulmonar,Otras enfermedades respiratorias
J84,Otras enfermedades pulmonares intersticiales,Otras enfermedades respiratorias
J85,Absceso del pulmón y del mediastino,Otras enfermedades respiratorias
J86,Piotórax,Otras enfermedades respiratorias
J90,Derrame pleural no clasificado en otra parte,Otras enfermedades respiratorias
J93,Neumotórax,Otras enfermedades respiratorias
J96,Insuficiencia respiratoria no clasificada en otra parte,Otras enfermedades respiratorias
K00,Trastornos del desarrollo y de la erupción de los dientes,Enfermedades de la cavidad bucal
K01,Dientes incluidos e impactados,Enfermedades de la cavidad bucal
K02,Caries dental,Enfermedades de la cavidad bucal
K03,Otras enfermedades de los tejidos duros de los dientes,Enfermedades de la cavidad bucal
K04,Enfermedades de la pulpa y de los tejidos periapicales,Enfermedades de la cavidad bucal
K05,Gingivitis y enfermedades periodontales,Enfermedades de la cavidad bucal
K06,Otros trastornos del periodonto,Enfermedades de la cavidad bucal
K07,Anomalías dentofaciales incluyendo la maloclusión,Enfermedades de la cavidad bucal
K08,Otros trastornos de los dientes y de sus estructuras de sostén,Enfermedades de la cavidad bucal
K09,Quistes de la región oral no clasificados en otra parte,Enfermedades de la cavidad bucal
K11,Enfermedades de las glándulas salivales,Enfermedades de la cavidad bucal
K12,Estomatitis y lesiones afines,Enfermedades de la cavidad bucal
K13,Otras enfermedades de los labios y de la mucosa oral,Enfermedades de la cavidad bucal
K14,Enfermedades de la lengua,Enfermedades de la cavidad bucal
K20,Esofagitis,Enfermedades del esófago
K21,Enfermedad por reflujo gastroesofágico,Enfermedades del esófago
K22,Otras enfermedades del esófago,Enfermedades del esófago
K25,Úlcera gástrica,Úlcera péptica
K26,Úlcera duodenal,Úlcera péptica
K27,Úlcera péptica de sitio no especificado,Úlcera péptica
K29,Gastritis y duodenitis,Enfermedades del estómago y duodeno
K30,Dispepsia,Enfermedades del estómago y duodeno
K31,Otras enfermedades del estómago y del duodeno,Enfermedades del estómago y duodeno
K35,Apendicitis aguda,Enfermedades del apéndice
K37,Apendicitis no especificada,Enfermedades del apéndice
K38,Otras enfermedades del apéndice,Enfermedades del apéndice
K40,Hernia inguinal,Hernias
K41,Hernia femoral,Hernias
K42,Hernia umbilical,Hernias
K43,Hernia ventral,Hernias
K44,Hernia diafragmática,Hernias
K46,Hernia abdominal no especificada,Hernias
K50,Enfermedad de Crohn (enteritis regional),Enfermedad intestinal no infecciosa
K51,Colitis ulcerosa,Enfermedad intestinal no infecciosa
K52,Otras colitis y gastroenteritis no infecciosas,Enfermedad intestinal no infecciosa
K55,Trastornos vasculares del intestino,Otras enfermedades intestinales
K57,Enfermedad diverticular del intestino,Otras enfermedades intestinales
K58,Síndrome del colon irritable,Otras enfermedades intestinales
K59,Otros trastornos funcionales del intestino,Otras enfermedades intestinales
K60,Fisura y fístula de las regiones anal y rectal,Enfermedades del recto ano y canal anal
K61,Absceso de las regiones anal y rectal,Enfermedades del recto ano y canal anal
K62,Otras enfermedades del recto y del ano,Enfermedades del recto ano y canal anal
K63,Otras enfermedades del intestino,Otras enfermedades intestinales
K65,Peritonitis,Enfermedades del peritoneo
K70,Enfermedad alcohólica del hígado,Enfermedades del hígado
K71,Enfermedad tóxica del hígado,Enfermedades del hígado
K72,Insuficiencia hepática no clasificada en otra parte,Enfermedades del hígado
K73,Hepatitis crónica no clasificada en otra parte,Enfermedades del hígado
K74,Fibrosis y cirrosis del hígado,Enfermedades del hígado
K75,Otras enfermedades inflamatorias del hígado,Enfermedades del hígado
K76,Otras enfermedades del hígado,Enfermedades del hígado
K80,Colelitiasis,Enfermedades de la vesícula biliar
K81,Colecistitis,Enfermedades de la vesícula biliar
K82,Otras enfermedades de la vesícula biliar,Enfermedades de la vesícula biliar
K85,Pancreatitis aguda,Enfermedades del páncreas
K86,Otras enfermedades del páncreas,Enfermedades del páncreas
K90,Malabsorción intestinal,Otras enfermedades del sistema digestivo
K92,Otras enfermedades del sistema digestivo,Otras enfermedades del sistema digestivo
L00,Síndrome estafilocócico de la piel escaldada,Infecciones de la piel
L01,Impétigo,Infecciones de la piel
L02,Absceso cutáneo furúnculo y ántrax,Infecciones de la piel
L03,Celulitis,Infecciones de la piel
L04,Linfadenitis aguda,Infecciones de la piel
L05,Quiste pilonidal,Infecciones de la piel
L08,Otras infecciones locales de la piel y del tejido subcutáneo,Infecciones de la piel
L10,Pénfigo,Trastornos bulosos
L12,Penfigoide,Trastornos bulosos
L20,Dermatitis atópica,Dermatitis y eccema
L21,Dermatitis seborreica,Dermatitis y eccema
L22,Dermatitis del pañal,Dermatitis y eccema
L23,Dermatitis alérgica de contacto,Dermatitis y eccema
L24,Dermatitis de contacto por irritantes,Dermatitis y eccema
L25,Dermatitis de contacto no especificada,Dermatitis y eccema
L26,Dermatitis exfoliativa,Dermatitis y eccema
L27,Dermatitis debida a sustancias ingeridas,Dermatitis y eccema
L28,Liquen simple crónico y prurigo,Dermatitis y eccema
L29,Prurito,Trastornos papuloescamosos
L30,Otras dermatitis,Dermatitis y eccema
L40,Psoriasis,Trastornos papuloescamosos
L41,Parapsoriasis,Trastornos papuloescamosos
L42,Pitiriasis rosada,Trastornos papuloescamosos
L43,Liquen plano,Trastornos papuloescamosos
L50,Urticaria,Urticaria y eritema
L51,Eritema multiforme,Urticaria y eritema
L52,Eritema nudoso,Urticaria y eritema
L53,Otras afecciones eritematosas,Urticaria y eritema
L55,Quemadura solar,Trastornos de la piel por radiación
L57,Cambios en la piel debidos a exposición crónica a radiación no ionizante,Trastornos de la piel por radiación
L60,Trastornos de las uñas,Enfermedades de los anexos cutáneos
L63,Alopecia areata,Enfermedades de los anexos cutáneos
L64,Alopecia androgénica,Enfermedades de los anexos cutáneos
L70,Acné,Enfermedades de los anexos cutáneos
L71,Rosácea,Enfermedades de los anexos cutáneos
L72,Quistes foliculares de la piel y del tejido subcutáneo,Enfermedades de los anexos cutáneos
L80,Vitíligo,Otros trastornos de la piel
L81,Otros trastornos de la pigmentación,Otros trastornos de la piel
L84,Callosidades y callos,Otros trastornos de la piel
L85,Otras formas de engrosamiento epidérmico,Otros trastornos de la piel
L89,Úlcera por decúbito,Otros trastornos de la piel
L98,Otros trastornos de la piel y del tejido subcutáneo no clasificados en otra parte,Otros trastornos de la piel
M00,Artritis piógena,Artropatías infecciosas
M01,Infecciones directas de la articulación en enfermedades infecciosas clasificadas en otra parte,Artropatías infecciosas
M05,Artritis reumatoide seropositiva,Poliartropatías inflamatorias
M06,Otras artritis reumatoides,Poliartropatías inflamatorias
M08,Artritis juvenil,Poliartropatías inflamatorias
M10,Gota,Poliartropatías inflamatorias
M11,Otras artropatías por cristales,Poliartropatías inflamatorias
M13,Otras artritis,Poliartropatías inflamatorias
M15,Poliartrosis,Artrosis
M16,Coxartrosis,Artrosis
M17,Gonartrosis,Artrosis
M18,Artrosis de la primera articulación carpometacarpiana,Artrosis
M19,Otras artrosis,Artrosis
M20,Deformidades adquiridas de los dedos de la mano,Otras enfermedades articulares
M21,Otras deformidades adquiridas de los miembros,Otras enfermedades articulares
M23,Trastornos internos de la rodilla,Otras enfermedades articulares
M24,Otros trastornos articulares específicos,Otras enfermedades articulares
M25,Otros trastornos articulares no clasificados en otra parte,Otras enfermedades articulares
M30,Poliarteritis nudosa y afecciones relacionadas,Enfermedades sistémicas del tejido conjuntivo
M32,Lupus eritematoso sistémico,Enfermedades sistémicas del tejido conjuntivo
M33,Dermatomiositis y polimiositis,Enfermedades sistémicas del tejido conjuntivo
M34,Esclerosis sistémica,Enfermedades sistémicas del tejido conjuntivo
M35,Otras formas de afectación sistémica del tejido conjuntivo,Enfermedades sistémicas del tejido conjuntivo
M40,Cifosis y lordosis,Dorsopatías
M41,Escoliosis,Dorsopatías
M42,Osteocondrosis de la columna vertebral,Dorsopatías
M43,Otras dorsopatías deformantes,Dorsopatías
M45,Espondilitis anquilosante,Espondilopatías
M46,Otras enfermedades inflamatorias de la columna vertebral,Espondilopatías
M47,Espondiloartrosis,Espondilopatías
M48,Otras espondilopatías,Espondilopatías
M50,Trastornos del disco cervical,Trastornos de los discos intervertebrales
M51,Otros trastornos de los discos intervertebrales,Trastornos de los discos intervertebrales
M54,Dorsalgia,Dorsalgia
M60,Miositis,Trastornos de los tejidos blandos
M61,Calcificación y osificación del músculo,Trastornos de los tejidos blandos
M62,Otros trastornos de los músculos,Trastornos de los tejidos blandos
M65,Sinovitis y tenosinovitis,Trastornos de la sinovial y el tendón
M67,Otros trastornos de la sinovial y del tendón,Trastornos de la sinovial y el tendón
M70,Trastornos de los tejidos blandos relacionados con el uso la sobrecarga y la presión,Otros trastornos de los tejidos blandos
M71,Otras bursopatías,Otros trastornos de los tejidos blandos
M72,Trastornos fibroblásticos,Otros trastornos de los tejidos blandos
M75,Lesiones del hombro,Otros trastornos de los tejidos blandos
M76,Entesitis del miembro inferior excluyendo pie,Otros trastornos de los tejidos blandos
M77,Otras entesopatías,Otros trastornos de los tejidos blandos
M79,Otros trastornos de los tejidos blandos no clasificados en otra parte,Otros trastornos de los tejidos blandos
M80,Osteoporosis con fractura patológica,Osteopatías y condropatías
M81,Osteoporosis sin fractura patológica,Osteopatías y condropatías
M83,Osteomalacia del adulto,Osteopatías y condropatías
M84,Trastornos de la continuidad del hueso,Osteopatías y condropatías
M85,Otros trastornos de la densidad y de la estructura del hueso,Osteopatías y condropatías
M86,Osteomielitis,Osteopatías y condropatías
M87,Osteonecrosis,Osteopatías y condropatías
M89,Otros trastornos del hueso,Osteopatías y condropatías
M93,Otras osteocondrosis,Osteopatías y condropatías
N00,Síndrome nefrítico agudo,Enfermedades glomerulares
N01,Síndrome nefrítico rápidamente progresivo,Enfermedades glomerulares
N02,Hematuria recurrente y persistente,Enfermedades glomerulares
N03,Síndrome nefrítico crónico,Enfermedades glomerulares
N04,Síndrome nefrótico,Enfermedades glomerulares
N05,Síndrome nefrítico no especificado,Enfermedades glomerulares
N08,Trastornos glomerulares en enfermedades clasificadas en otra parte,Enfermedades glomerulares
N10,Nefritis tubulointersticial aguda,Enfermedades renales tubulointersticiales
N11,Nefritis tubulointersticial crónica,Enfermedades renales tubulointersticiales
N12,Nefritis tubulointersticial no especificada,Enfermedades renales tubulointersticiales
N13,Uropatía obstructiva y por reflujo,Enfermedades renales tubulointersticiales
N17,Insuficiencia renal aguda,Insuficiencia renal
N18,Enfermedad renal crónica,Insuficiencia renal
N19,Insuficiencia renal no especificada,Insuficiencia renal
N20,Cálculos del riñón y del uréter,Urolitiasis
N21,Cálculos de las vías urinarias inferiores,Urolitiasis
N23,Cólico renal no especificado,Urolitiasis
N25,Trastornos resultantes de la función tubular renal alterada,Otros trastornos del riñón
N28,Otros trastornos del riñón y del uréter no clasificados en otra parte,Otros trastornos del riñón
N30,Cistitis,Otras enfermedades del sistema urinario
N31,Disfunción neuromuscular de la vejiga no clasificada en otra parte,Otras enfermedades del sistema urinario
N32,Otros trastornos de la vejiga,Otras enfermedades del sistema urinario
N34,Uretritis y síndrome uretral,Otras enfermedades del sistema urinario
N35,Estrechez uretral,Otras enfermedades del sistema urinario
N39,Otros trastornos del sistema urinario,Otras enfermedades del sistema urinario
N40,Hiperplasia de la próstata,Enfermedades del órgano genital masculino
N41,Enfermedades inflamatorias de la próstata,Enfermedades del órgano genital masculino
N42,Otros trastornos de la próstata,Enfermedades del órgano genital masculino
N43,Hidrocele y espermatocele,Enfermedades del órgano genital masculino
N44,Torsión del testículo,Enfermedades del órgano genital masculino
N45,Orquitis y epididimitis,Enfermedades del órgano genital masculino
N48,Otros trastornos del pene,Enfermedades del órgano genital masculino
N50,Otros trastornos de los órganos genitales masculinos,Enfermedades del órgano genital masculino
N60,Displasia mamaria benigna,Enfermedades de la mama
N61,Trastornos inflamatorios de la mama,Enfermedades de la mama
N62,Hipertrofia de la mama,Enfermedades de la mama
N63,Tumor de mama no especificado,Enfermedades de la mama
N70,Salpingitis y ooforitis,Enfermedades inflamatorias del órgano pélvico femenino
N71,Enfermedad inflamatoria del útero excepto el cuello uterino,Enfermedades inflamatorias del órgano pélvico femenino
N72,Enfermedad inflamatoria del cuello uterino,Enfermedades inflamatorias del órgano pélvico femenino
N73,Otras enfermedades inflamatorias del órgano pélvico femenino,Enfermedades inflamatorias del órgano pélvico femenino
N75,Enfermedades de la glándula de Bartholin,Enfermedades inflamatorias del órgano pélvico femenino
N76,Otras enfermedades inflamatorias de la vagina y vulva,Enfermedades inflamatorias del órgano pélvico femenino
N80,Endometriosis,Otras enfermedades del órgano genital femenino
N81,Prolapso genital femenino,Otras enfermedades del órgano genital femenino
N83,Trastornos no inflamatorios del ovario de la trompa de Falopio y del ligamento ancho,Otras enfermedades del órgano genital femenino
N85,Otros trastornos no inflamatorios del útero excepto del cuello uterino,Otras enfermedades del órgano genital femenino
N87,Displasia del cuello uterino,Otras enfermedades del órgano genital femenino
N89,Otros trastornos no inflamatorios de la vagina,Otras enfermedades del órgano genital femenino
N91,Menstruación ausente escasa o rara,Trastornos menstruales
N92,Menstruación excesiva frecuente e irregular,Trastornos menstruales
N93,Otras hemorragias uterinas o vaginales anormales,Trastornos menstruales
N94,Dolor y otras afecciones relacionadas con los órganos genitales femeninos y el ciclo menstrual,Trastornos menstruales
N95,Trastornos de la menopausia y de la perimenopausia,Trastornos menstruales
N97,Infertilidad femenina,Otros trastornos genitourinarios
O00,Embarazo ectópico,Complicaciones del embarazo
O01,Mola hidatidiforme,Complicaciones del embarazo
O03,Aborto espontáneo,Complicaciones del embarazo
O10,Hipertensión preexistente que complica el embarazo el parto y el puerperio,Complicaciones del embarazo
O11,Trastornos hipertensivos preexistentes con proteinuria agregada,Complicaciones del embarazo
O12,Edema y proteinuria gestacionales sin hipertensión,Complicaciones del embarazo
O13,Hipertensión gestacional,Complicaciones del embarazo
O14,Preeclampsia,Complicaciones del embarazo
O15,Eclampsia,Complicaciones del embarazo
O20,Hemorragia precoz del embarazo,Complicaciones del embarazo
O21,Vómitos excesivos en el embarazo,Complicaciones del embarazo
O24,Diabetes mellitus en el embarazo,Complicaciones del embarazo
O26,Atención materna por otras afecciones predominantemente relacionadas con el embarazo,Complicaciones del embarazo
O28,Hallazgos anormales en el examen prenatal de la madre,Complicaciones del embarazo
O34,Atención materna por anormalidades conocidas o presuntas de los órganos pelvianos de la madre,Complicaciones del parto
O42,Ruptura prematura de las membranas,Complicaciones del parto
O60,Parto pretérmino,Complicaciones del parto
O63,Parto prolongado,Complicaciones del parto
O67,Trabajo de parto y parto complicados por hemorragia intraparto,Complicaciones del parto
O70,Laceración del periné durante el parto,Complicaciones del parto
O72,Hemorragia postparto,Complicaciones del parto
O80,Parto único espontáneo,Atención al parto
O82,Parto por cesárea,Atención al parto
P00,Feto y recién nacido afectados por afecciones de la madre,Enfermedades del perinatal
P05,Crecimiento fetal lento y desnutrición fetal,Enfermedades del perinatal
P07,Trastornos relacionados con la duración corta de la gestación y peso al nacer bajo,Enfermedades del perinatal
P10,Desgarro intracraneal y hemorragia debidos a traumatismo del nacimiento,Enfermedades del perinatal
P20,Hipoxia intrauterina,Enfermedades del perinatal
P21,Asfixia del nacimiento,Enfermedades del perinatal
P22,Dificultad respiratoria del recién nacido,Enfermedades del perinatal
P23,Neumonía congénita,Enfermedades del perinatal
P36,Septicemia bacteriana del recién nacido,Enfermedades del perinatal
P38,Onfalitis del recién nacido,Enfermedades del perinatal
P55,Enfermedad hemolítica del feto y del recién nacido,Enfermedades del perinatal
P59,Ictericia neonatal por otras causas y las no especificadas,Enfermedades del perinatal
Q00,Anencefalia y malformaciones similares,Malformaciones congénitas
Q03,Hidrocefalia congénita,Malformaciones congénitas
Q05,Espina bífida,Malformaciones congénitas
Q20,Malformaciones congénitas de las cámaras cardíacas y sus conexiones,Malformaciones congénitas del corazón
Q21,Malformaciones congénitas de los tabiques cardíacos,Malformaciones congénitas del corazón
Q25,Malformaciones congénitas de las grandes arterias,Malformaciones congénitas del sistema circulatorio
Q35,Fisura del paladar,Malformaciones congénitas del sistema digestivo
Q36,Labio leporino,Malformaciones congénitas del sistema digestivo
Q39,Malformaciones congénitas del esófago,Malformaciones congénitas del sistema digestivo
Q54,Hipospadias,Malformaciones congénitas del sistema urogenital
Q65,Deformidades congénitas de la cadera,Malformaciones congénitas del sistema musculoesquelético
Q66,Deformidades congénitas de los pies,Malformaciones congénitas del sistema musculoesquelético
Q90,Síndrome de Down,Anomalías cromosómicas
R00,Anomalías del latido cardíaco,Síntomas y signos
R01,Soplos y otros sonidos cardíacos,Síntomas y signos
R04,Hemorragia de las vías respiratorias,Síntomas y signos
R05,Tos,Síntomas y signos
R06,Anomalías de la respiración,Síntomas y signos
R07,Dolor de garganta y en el pecho,Síntomas y signos
R10,Dolor abdominal y pélvico,Síntomas y signos
R11,Náusea y vómitos,Síntomas y signos
R12,Pirosis,Síntomas y signos
R13,Disfagia,Síntomas y signos
R14,Flatulencia y afecciones afines,Síntomas y signos
R15,Incontinencia fecal,Síntomas y signos
R16,Hepatomegalia y esplenomegalia no clasificadas en otra parte,Síntomas y signos
R17,Ictericia no especificada,Síntomas y signos
R18,Ascitis,Síntomas y signos
R19,Otros síntomas y signos referentes al sistema digestivo y al abdomen,Síntomas y signos
R20,Alteraciones de la sensibilidad cutánea,Síntomas y signos
R21,Sarpullido y otras erupciones cutáneas inespecíficas,Síntomas y signos
R22,Tumor localizado de la piel y del tejido subcutáneo,Síntomas y signos
R25,Movimientos involuntarios anormales,Síntomas y signos
R26,Anomalías de la marcha y de la movilidad,Síntomas y signos
R27,Otras dificultades de la coordinación,Síntomas y signos
R29,Otros síntomas y signos referentes a los sistemas nervioso y musculoesquelético,Síntomas y signos
R30,Dolor asociado con la micción,Síntomas y signos
R31,Hematuria no especificada,Síntomas y signos
R32,Incontinencia urinaria no especificada,Síntomas y signos
R33,Retención de orina,Síntomas y signos
R35,Poliuria,Síntomas y signos
R39,Otros síntomas y signos referentes al sistema urinario,Síntomas y signos
R40,Somnolencia estupor y coma,Síntomas y signos
R41,Otros síntomas y signos referentes a las funciones cognitivas y a la conciencia,Síntomas y signos
R42,Mareo y desvanecimiento,Síntomas y signos
R43,Alteraciones del olfato y del gusto,Síntomas y signos
R44,Otros síntomas y signos referentes a las sensaciones y percepciones generales,Síntomas y signos
R45,Síntomas y signos referentes al estado emocional,Síntomas y signos
R47,Trastornos del habla no clasificados en otra parte,Síntomas y signos
R50,Fiebre de origen desconocido,Síntomas y signos generales
R51,Cefalea,Síntomas y signos generales
R52,Dolor no clasificado en otra parte,Síntomas y signos generales
R53,Malestar y fatiga,Síntomas y signos generales
R54,Senilidad,Síntomas y signos generales
R55,Síncope y colapso,Síntomas y signos generales
R56,Convulsiones no clasificadas en otra parte,Síntomas y signos generales
R57,Choque no clasificado en otra parte,Síntomas y signos generales
R58,Hemorragia no clasificada en otra parte,Síntomas y signos generales
R59,Adenomegalias,Síntomas y signos generales
R60,Edema no clasificado en otra parte,Síntomas y signos generales
R61,Hiperhidrosis,Síntomas y signos generales
R62,Falta de desarrollo fisiológico normal esperado,Síntomas y signos generales
R63,Síntomas y signos referentes a la ingestión de alimentos y líquidos,Síntomas y signos generales
R64,Caquexia,Síntomas y signos generales
R68,Otros síntomas y signos generales,Síntomas y signos generales
R73,Glucosa elevada en la sangre,Hallazgos anormales en exámenes
R74,Niveles anormales de enzimas en suero,Hallazgos anormales en exámenes
R75,Evidencia de laboratorio del virus de la inmunodeficiencia humana,Hallazgos anormales en exámenes
R76,Otros hallazgos inmunológicos anormales en suero,Hallazgos anormales en exámenes
R79,Otros hallazgos anormales en química sanguínea,Hallazgos anormales en exámenes
R80,Proteinuria aislada,Hallazgos anormales en exámenes
R81,Glucosuria,Hallazgos anormales en exámenes
R82,Otros hallazgos anormales en orina,Hallazgos anormales en exámenes
S00,Traumatismo superficial de la cabeza,Traumatismos
S01,Herida de la cabeza,Traumatismos
S02,Fractura del cráneo y de los huesos de la cara,Traumatismos
S06,Traumatismo intracraneal,Traumatismos
S09,Otros traumatismos de la cabeza y los no especificados,Traumatismos
S10,Traumatismo superficial del cuello,Traumatismos
S12,Fractura de vértebras cervicales,Traumatismos
S20,Traumatismo superficial del tórax,Traumatismos
S22,Fractura de costillas esternón y columna dorsal,Traumatismos
S27,Traumatismo de otros órganos intratorácicos y los no especificados,Traumatismos
S30,Traumatismo superficial del abdomen de la región lumbosacra y de la pelvis,Traumatismos
S32,Fractura de la columna lumbosacra y de los huesos de la pelvis,Traumatismos
S40,Traumatismo superficial del hombro y del brazo,Traumatismos
S42,Fractura del hombro y del brazo,Traumatismos
S50,Traumatismo superficial del antebrazo,Traumatismos
S52,Fractura del antebrazo,Traumatismos
S60,Traumatismo superficial de la muñeca y de la mano,Traumatismos
S62,Fractura de la muñeca y de la mano,Traumatismos
S70,Traumatismo superficial de la cadera y del muslo,Traumatismos
S72,Fractura del fémur,Traumatismos
S80,Traumatismo superficial de la pierna,Traumatismos
S82,Fractura de la pierna incluido el tobillo,Traumatismos
S90,Traumatismo superficial del tobillo y del pie,Traumatismos
S92,Fractura del pie excepto del tobillo,Traumatismos
T07,Traumatismos múltiples no especificados,Traumatismos y otros efectos adversos
T08,Fractura de la columna vertebral nivel no especificado,Traumatismos y otros efectos adversos
T14,Traumatismo de región no especificada del cuerpo,Traumatismos y otros efectos adversos
T30,Quemadura y corrosión de región del cuerpo no especificada,Quemaduras
T31,Quemaduras clasificadas según la extensión de la superficie corporal afectada,Quemaduras
T36,Intoxicación por antibióticos sistémicos,Intoxicaciones
T39,Intoxicación por analgésicos antipiréticos y antirreumáticos,Intoxicaciones
T40,Intoxicación por narcóticos y psicodislépsticos,Intoxicaciones
T42,Intoxicación por antiepilépticos sedantes hipnóticos y antiparkinsonismo,Intoxicaciones
T45,Intoxicación por agentes principalmente sistémicos y hematológicos,Intoxicaciones
T50,Intoxicación por diuréticos y otros agentes farmacológicos no especificados,Intoxicaciones
T56,Efectos tóxicos de metales,Intoxicaciones
T58,Efectos tóxicos del monóxido de carbono,Intoxicaciones
T61,Efectos tóxicos de sustancias nocivas ingeridas como alimento marino,Intoxicaciones
T62,Efectos tóxicos de otras sustancias nocivas ingeridas como alimento,Intoxicaciones
T65,Efectos tóxicos de otras sustancias y las no especificadas,Intoxicaciones
T67,Efectos del calor y de la luz,Efectos adversos externos
T68,Hipotermia,Efectos adversos externos
T70,Efectos de la presión del aire y del agua,Efectos adversos externos
T71,Asfixia,Efectos adversos externos
T73,Efectos de otras privaciones,Efectos adversos externos
T74,Síndromes de maltrato,Efectos adversos externos
T78,Efectos adversos no clasificados en otra parte,Efectos adversos externos
T79,Algunas complicaciones precoces de traumatismos,Efectos adversos externos
T80,Complicaciones consecutivas a infusión transfusión e inyección terapéutica,Complicaciones de atención médica
T81,Complicaciones de procedimientos no clasificadas en otra parte,Complicaciones de atención médica
T82,Complicaciones de dispositivos protésicos implantes e injertos cardíacos y vasculares,Complicaciones de atención médica
T86,Fallas y rechazos de órganos y tejidos trasplantados,Complicaciones de atención médica
Z00,Examen general e investigación de personas sin quejas y sin diagnóstico informado,Factores que influyen en el estado de salud
Z01,Otros exámenes y contactos especiales con los servicios de salud,Factores que influyen en el estado de salud
Z02,Exámenes con fines administrativos,Factores que influyen en el estado de salud
Z03,Observación y evaluación médica por sospechas de enfermedades,Factores que influyen en el estado de salud
Z04,Examen y observación por otras razones,Factores que influyen en el estado de salud
Z08,Examen de seguimiento después de tratamiento por tumor maligno,Factores que influyen en el estado de salud
Z09,Examen de seguimiento después de tratamiento por otras afecciones,Factores que influyen en el estado de salud
Z10,Examen de salud rutinario de subpoblaciones definidas,Factores que influyen en el estado de salud
Z11,Examen de detección especial de enfermedades infecciosas y parasitarias,Factores que influyen en el estado de salud
Z12,Examen de detección especial de tumores,Factores que influyen en el estado de salud
Z13,Examen de detección especial de otras enfermedades y trastornos,Factores que influyen en el estado de salud
Z20,Contacto con y exposición a enfermedades transmisibles,Factores que influyen en el estado de salud
Z21,Estado de infección asintomática por el virus de la inmunodeficiencia humana,Factores que influyen en el estado de salud
Z22,Portador de enfermedades infecciosas,Factores que influyen en el estado de salud
Z23,Necesidad de inmunización contra enfermedades bacterianas únicas,Factores que influyen en el estado de salud
Z25,Necesidad de inmunización contra otras enfermedades virales únicas,Factores que influyen en el estado de salud
Z26,Necesidad de inmunización contra otras enfermedades infecciosas únicas,Factores que influyen en el estado de salud
Z29,Necesidad de otras medidas profilácticas,Factores que influyen en el estado de salud
Z30,Anticoncepción,Factores que influyen en el estado de salud
Z34,Supervisión de embarazo normal,Factores que influyen en el estado de salud
Z36,Examen de detección prenatal,Factores que influyen en el estado de salud
Z37,Resultado del parto,Factores que influyen en el estado de salud
Z38,Niños nacidos vivos según el lugar de nacimiento,Factores que influyen en el estado de salud
Z39,Examen y atención del postparto,Factores que influyen en el estado de salud
Z51,Atención médica de otro tipo,Factores que influyen en el estado de salud
Z71,Personas que se ponen en contacto con los servicios de salud para otros procedimientos de consulta,Factores que influyen en el estado de salud
Z72,Problemas relacionados con el estilo de vida,Factores que influyen en el estado de salud
Z73,Problemas relacionados con dificultades para afrontar la vida,Factores que influyen en el estado de salud
Z75,Problemas relacionados con instalaciones médicas y otro tipo de atención de salud,Factores que influyen en el estado de salud
Z76,Personas que se ponen en contacto con los servicios de salud en otras circunstancias,Factores que influyen en el estado de salud
Z80,Historia familiar de tumores malignos,Antecedentes familiares
Z82,Historia familiar de ciertas discapacidades y enfermedades crónicas,Antecedentes familiares
Z84,Historia familiar de otras afecciones,Antecedentes familiares
Z85,Historia personal de tumor maligno,Antecedentes personales
Z86,Historia personal de ciertas otras enfermedades,Antecedentes personales
Z87,Historia personal de otras enfermedades y afecciones,Antecedentes personales
Z88,Alergias a drogas medicamentos y sustancias biológicas en los antecedentes personales,Antecedentes personales
Z89,Miembro ausente adquirido,Antecedentes personales
Z91,Historia personal de factores de riesgo no clasificados en otra parte,Antecedentes personales
Z96,Presencia de otros implantes funcionales,Estado de salud
Z97,Presencia de otros dispositivos,Estado de salud
